<?xml version="1.0" encoding="UTF-8"?>
<project-private xmlns="http://www.netbeans.org/ns/project-private/1">
    <editor-bookmarks xmlns="http://www.netbeans.org/ns/editor-bookmarks/2" lastBookmarkId="0"/>
    <open-files xmlns="http://www.netbeans.org/ns/projectui-open-files/2">
        <group>
            <file>file:/C:/Users/OWNER/Desktop/2do%20semestre(2)/LDOO/Lab5/Laboratorio5/src/java/Laboratorio5/models/user.java</file>
            <file>file:/C:/Users/OWNER/Desktop/2do%20semestre(2)/LDOO/Lab5/Laboratorio5/web/profile.jsp</file>
            <file>file:/C:/Users/OWNER/Desktop/2do%20semestre(2)/LDOO/Lab5/Laboratorio5/src/java/Laboratorio5/models/Authentication.java</file>
            <file>file:/C:/Users/OWNER/Desktop/2do%20semestre(2)/LDOO/Lab5/Laboratorio5/web/login.jsp</file>
            <file>file:/C:/Users/OWNER/Desktop/2do%20semestre(2)/LDOO/Lab5/Laboratorio5/src/java/Laboratorio5/controllers/LoginController.java</file>
            <file>file:/C:/Users/OWNER/Desktop/2do%20semestre(2)/LDOO/Lab5/Laboratorio5/web/error.jsp</file>
        </group>
    </open-files>
</project-private>
