<?xml version="1.0" encoding="UTF-8"?>
<project-private xmlns="http://www.netbeans.org/ns/project-private/1">
    <editor-bookmarks xmlns="http://www.netbeans.org/ns/editor-bookmarks/2" lastBookmarkId="0"/>
    <open-files xmlns="http://www.netbeans.org/ns/projectui-open-files/2">
        <group>
            <file>file:/C:/Users/OWNER/Desktop/2do%20semestre(2)/LDOO/Lab4/Laboratorio4/web/WEB-INF/login.jsp</file>
            <file>file:/C:/Users/OWNER/Desktop/2do%20semestre(2)/LDOO/Lab4/Laboratorio4/src/java/week5/models/Authentication.java</file>
            <file>file:/C:/Users/OWNER/Desktop/2do%20semestre(2)/LDOO/Lab4/Laboratorio4/src/java/week5/controllers/LoginController.java</file>
            <file>file:/C:/Users/OWNER/Desktop/2do%20semestre(2)/LDOO/Lab4/Laboratorio4/src/java/week5/models/User.java</file>
            <file>file:/C:/Users/OWNER/Desktop/2do%20semestre(2)/LDOO/Lab4/Laboratorio4/web/WEB-INF/error.jsp</file>
            <file>file:/C:/Users/OWNER/Desktop/2do%20semestre(2)/LDOO/Lab4/Laboratorio4/web/WEB-INF/success.jsp</file>
            <file>file:/C:/Users/OWNER/Desktop/2do%20semestre(2)/LDOO/Lab4/Laboratorio4/web/WEB-INF/web.xml</file>
        </group>
    </open-files>
</project-private>
